{"cameraMode":{"drawMode":0,"name":"Shaded","section":"Shading Mode"},"sceneLighting":true,"audioPlay":false,"sceneViewState":{"m_AlwaysRefresh":false,"showFog":true,"showSkybox":true,"showFlares":true,"showImageEffects":true,"showParticleSystems":true,"showVisualEffectGraphs":true,"m_FxEnabled":true},"in2DMode":false,"pivot":{"x":3.2877964973449709,"y":-0.09975814819335938,"z":0.8360481262207031},"rotation":{"x":-0.0549037791788578,"y":-0.9024479985237122,"z":0.4098619222640991,"w":-0.12094894796609879},"size":25.224767684936525,"orthographic":false}