{"cameraMode":{"drawMode":0,"name":"Shaded","section":"Shading Mode"},"sceneLighting":true,"audioPlay":false,"sceneViewState":{"m_AlwaysRefresh":false,"showFog":true,"showSkybox":true,"showFlares":true,"showImageEffects":true,"showParticleSystems":true,"showVisualEffectGraphs":true,"m_FxEnabled":true},"in2DMode":false,"pivot":{"x":8.010833740234375,"y":15.380196571350098,"z":42.348087310791019},"rotation":{"x":0.10572363436222077,"y":-0.8756438493728638,"z":0.41524308919906618,"w":0.22291287779808045},"size":10.006082534790039,"orthographic":false}