{"cameraMode":{"drawMode":0,"name":"Shaded","section":"Shading Mode"},"sceneLighting":true,"audioPlay":false,"sceneViewState":{"m_AlwaysRefresh":false,"showFog":true,"showSkybox":true,"showFlares":true,"showImageEffects":true,"showParticleSystems":true,"showVisualEffectGraphs":true,"m_FxEnabled":true},"in2DMode":false,"pivot":{"x":-19.974191665649415,"y":17.435012817382814,"z":37.98096466064453},"rotation":{"x":-0.052567679435014728,"y":-0.911839485168457,"z":0.38800880312919619,"w":-0.12359952181577683},"size":15.799829483032227,"orthographic":false}